stock_id,ArticleTitle,ArticleText,ArticleCreateTime
2317,[情報] 2317 鴻海 115年3月營收,"標題：2317 鴻海 115年3月營收

來源：公開資訊觀測站
(公司名、網站名)

網址：
https://mops.twse.com.tw/mops/web/index

(請善用縮網址工具)

內文：

本資料由　(上市公司)鴻海　公司提供
民國115年03月   單位：新台幣仟元

項目    營業收入淨額
本月      803,737,716
去年同期          552,124,573
增減金額          251,613,143
增減百分比        
45.570m

本年累計          2,129,590,483

去年累計          1,642,173,213

增減金額          487,417,270

增減百分比        29.680m

備註 / 營收變化原因說明

1月 730,039,420

2月 595,813,348

3月 803,737,716",2026-04-05
2317,[標的] 2317 鴻海,"去年年尾的時候
普遍意見是這樣

2026 GB300放量出貨
EPS上看17 PE可以喊到15,16
全部喇一喇，至少市值要有260

然後各家投信
對今年的盤是這樣預測
走一個U Turn
第一開高峰 二三季低點 第四季再創高
最低點估2萬6到2萬8

目前的大盤確實是走這樣子

目前2317已經來到可能有點甜的190以下

幾個想評估的數字

1. 2317跟著大盤走，最低可能來到多少
2. EPS實現，且反應上去，是不是高機率在Q4

感謝大家給意見",2026-03-31
2317,Re: [情報] 2317 鴻海114年eps,"今天看了一圈券商報告，分享一下感想

去年鴻海賺13.61，如果從去年最高價來看

基本上市場還是願意給鴻海接近20倍本益比

所以只要今年鴻海能賺超過15塊

股價應該還是有機會上看300

然而雖然各家大多下修鴻海今年的毛利跟獲利

但大多都還是認為鴻海今年可以成長兩成到三成

EPS大多預估落在17-18左右

所以就算市場不願意給到20倍本益比了

但如果真的能成長兩到三成

那今年股價應該還是可以上看300啦

至於高盛喊的400……可能廣達比較有機會吧……",2026-03-17
2317,[情報] 2317 鴻海114年eps,"標題：2317 鴻海114年eps

來源：公開資訊觀測站
(公司名、網站名)

網址：
https://mopsov.twse.com.tw/mops/web/t146sb05

(請善用縮網址工具)

內文：

1.提報董事會或經董事會決議日期:115/03/16
2.審計委員會通過日期:115/03/16
3.財務報告或年度自結財務資訊報導期間
起訖日期(XXX/XX/XX~XXX/XX/XX):114/1/1~114/12/31
4.1月1日累計至本期止營業收入(仟元):8,103,104,763
5.1月1日累計至本期止營業毛利(毛損) (仟元):498,161,036
6.1月1日累計至本期止營業利益(損失) (仟元):259,222,960
7.1月1日累計至本期止稅前淨利(淨損) (仟元):293,444,866
8.1月1日累計至本期止本期淨利(淨損) (仟元):215,034,486
9.1月1日累計至本期止歸屬於母公司業主淨利(損) (仟元):189,353,852
10.1月1日累計至本期止基本每股盈餘(損失) (元):
13.61

11.期末總資產(仟元):5,104,672,223
12.期末總負債(仟元):3,133,908,868
13.期末歸屬於母公司業主之權益(仟元):1,772,771,627
14.其他應敘明事項:無",2026-03-16
2317,[情報] 2317 鴻海 115年2月營收,"標題： 2317 鴻海 115年2月營收

來源：公開資訊觀測站
(公司名、網站名)

網址：
https://mops.twse.com.tw/mops/web/index

(請善用縮網址工具)

內文：

本資料由　(上市公司)鴻海　公司提供
民國115年02月   單位：新台幣仟元

項目    營業收入淨額
本月      595,813,348
去年同期          551,382,882
增減金額          44,430,466
增減百分比        
8.06

本年累計          1,325,852,767
去年累計          1,090,048,641
增減金額          235,804,126
增減百分比        
21.63

備註 / 營收變化原因說明

1月 730,039,420
2月 
595,813,348",2026-03-05
2317,[情報] 2317 鴻海 代子公司公告處分群創股份,"標題：代子公司鴻揚創業投資股份有限公司公告處分群創光電股份有限公司股份

來源：公開資訊觀測站

(公司名、網站名)

網址：
https://mopsov.twse.com.tw/mops/web/t146sb05

(請善用縮網址工具)

內文：

1.證券名稱:
群創光電股份有限公司普通股
2.交易日期:114/12/30~115/2/25
3.董事會通過日期: 民國115年2月25日
4.其他核決日期: 不適用
5.交易數量、每單位價格及交易總金額:

交易數量：43,435,000股

每單位價格：
平均每股新台幣23.89元

交易總金額：新台幣1,037,701,250元
6.處分利益（或損失）（取得有價證券者不適用）:
114/12/30~115/2/25之交易依取得成本計算，
已實現利益新台幣618,272,619
元，
截至處分日已列入本年度未分配盈餘。依IFRS9規定，處分利益列為其他綜合損益，
各年度金額如下：
114年：新台幣28,620,738元
115年：新台幣589,651,881元
7.與交易標的公司之關係:
透過其他綜合損益按公允價值衡量之金融資產之投資
8.迄目前為止，累積持有本交易證券（含本次交易）之數量、金額、持股
比例及權利受限情形（如質押情形）:
累積持有數量：86,958,541股
累積持有金額：新台幣2,139,180,109元
持股比例：1.09%
權利受限情形：無
9.迄目前為止，依「公開發行公司取得或處分資產處理準則」第三條所列之有價證券投
資（含本次交易）占公司最近期財務報表中總資產及歸屬於母公司業主之權益之比例
暨最近期財務報表中營運資金數額:
占總資產比例：0.48%
占業主權益比例：1.07%
營運資金數額：新台幣 -252,428,890仟元
10.取得或處分之具體目的:
實現投資利益
11.本次交易表示異議董事之意見:
無
12.本次交易為關係人交易:
否
13.交易相對人及其與公司之關係:
無
14.監察人承認或審計委員會同意日期:
不適用
15.前已就同一件事件發布重大訊息日期: 不適用
16.其他敘明事項:
另需支付手續費、交易稅",2026-02-25
2317,[情報] 2317 鴻海 115年1月營收,"標題： 2317 鴻海 115年1月營收

來源：公開資訊觀測站
(公司名、網站名)

網址：
https://mops.twse.com.tw/mops/web/index

(請善用縮網址工具)

內文：

本資料由　(上市公司)鴻海　公司提供
民國115年01月   單位：新台幣仟元

項目    營業收入淨額
本月      730,039,420
去年同期          538,665,759
增減金額          191,373,661
增減百分比        
35.53

本年累計          730,039,420
去年累計          538,665,759
增減金額          191,373,661
增減百分比        
35.53

備註 / 營收變化原因說明",2026-02-05
2317,Re: [標的] 2317 鴻海還有壯大的可能嗎？,"鴻海股價真的扶不起來，如果把它看為成長股，成長股股價要高，做的東西要夠精夠純，
定價權越高，毛利自然獲得改善，本益比也會是不同評級，但現在的鴻海，完全不符合成
長股的要件。

它比較像是科技股中的長榮，每年都會賺錢，營收越來越高，但就僅此。

再來他產品太多，產品面越廣，但不精，雜訊就非常多，不調整這一點就是一直這樣而已

可以觀察一下市場上的千金股，
台積電-專精晶圓代工
聯發科-專精IC設計
台達電-專精電源設計

族繁不及備載，

但只要對這些千金股有認識的股民，
應該都喊的出，這些公司到底專精什麼。

鴻海-專精？？？（伺服器組裝？）（搞壞市場？）
（併購公司跟人家換骨？）
抱歉，我真的想不到他股價能夠往上的理由

但他也絕對是好公司，
不然不會長期在市值第2那麼久，
我覺得不要把它想成科技股，
想成價值股的心態，每年領領息，
遇到題材偶爾爆發一下賺個小價差的心態來持有，感覺會好很多

※ 引述《junior020486 (軟蛋頭)》之銘言：

: ※ 引述《vc39 (vc39)》之銘言：

: : 大到不能倒的鴻海，基本上代工包山包海，毛利低但憑著多年紮實的代工經驗，應該

有

: 機

: : 吃到一點機器人組裝代工的肉吧？

: : 成本230，該續抱嗎？還是止血改標的？或等Space X然後All in？

: : 
https://i.imgur.com/RyynoLg.jpeg

: : 手機排版請見諒，祝大家荷包賺飽飽，感恩。

: 鴻海這隻我前年做過兩次，虧了60多萬，把我一開始鹿港跟小正二賺的賠回去8成

: 我兩次成本一次220，一次198

: 後來185砍掉後

: 那個時候鴻海博士，一直唱雖，後來一路南下，我那個時候還覺得好險砍掉，去年4/9

那

: 天，我爸摳訊進場119的鴻海，那天收盤跌停112.5

: 之後一路北上

: 這隻你說有沒有可能大盤修正被幹回去100多，很有可能，這隻不像台積

: 台積上次修正，1160》780

: 但是鴻海221〉112.5

: 修正力道之兇

: 漲上來雖然曾經265

: 但是一下子又下去

: 現在在那邊死魚

: 你細看台股

: 國安糖漿護什麼》台積

: 八大長老死守什麼〉台積

: 散戶靈骨塔買什麼》台積

: 然後一堆雞巴毛etf都有台積

: 甚至海外的etf,00830、009815什麼碗糕的，都有台積電adr

: 有人權多了

: 我不得不說

: 公公是好股票這個沒問題，也不會倒，每年都配息，包山包海都有做，董事長看起來也

務

: 實不亂唬爛

: 但是不知道股性還是籌碼亂的緣故

: 常常大盤回檔被嚴重錯殺

: 會殺到你懷疑人生

: 至於你說停不停損

: 看你部位大不大，如果公公佔你持股不到1/3

: 手上還有現金，就等法人下次倒爛公公，你分批攤平吧

: 最後說不定還賺，只是時間成本不好說就是了

: 對了，我就是公公跟台積都受過傷之後，再也不碰個股了QQ",2026-01-30
2317,Re: [標的] 2317 鴻海還有壯大的可能嗎？,"※ 引述《vc39 (vc39)》之銘言：

: 大到不能倒的鴻海，基本上代工包山包海，毛利低但憑著多年紮實的代工經驗，應該有

機

: 吃到一點機器人組裝代工的肉吧？

: 成本230，該續抱嗎？還是止血改標的？或等Space X然後All in？

: 
https://i.imgur.com/RyynoLg.jpeg

: 手機排版請見諒，祝大家荷包賺飽飽，感恩。

鴻海這隻我前年做過兩次，虧了60多萬，把我一開始鹿港跟小正二賺的賠回去8成
我兩次成本一次220，一次198
後來185砍掉後
那個時候鴻海博士，一直唱雖，後來一路南下，我那個時候還覺得好險砍掉，去年4/9那
天，我爸摳訊進場119的鴻海，那天收盤跌停112.5
之後一路北上

這隻你說有沒有可能大盤修正被幹回去100多，很有可能，這隻不像台積
台積上次修正，1160》780
但是鴻海221〉112.5
修正力道之兇
漲上來雖然曾經265
但是一下子又下去
現在在那邊死魚

你細看台股
國安糖漿護什麼》台積
八大長老死守什麼〉台積
散戶靈骨塔買什麼》台積
然後一堆雞巴毛etf都有台積
甚至海外的etf,00830、009815什麼碗糕的，都有台積電adr
有人權多了
我不得不說
公公是好股票這個沒問題，也不會倒，每年都配息，包山包海都有做，董事長看起來也務
實不亂唬爛
但是不知道股性還是籌碼亂的緣故
常常大盤回檔被嚴重錯殺
會殺到你懷疑人生
至於你說停不停損
看你部位大不大，如果公公佔你持股不到1/3
手上還有現金，就等法人下次倒爛公公，你分批攤平吧
最後說不定還賺，只是時間成本不好說就是了
對了，我就是公公跟台積都受過傷之後，再也不碰個股了QQ",2026-01-30
2317,[標的] 2317 鴻海還有壯大的可能嗎？,"大到不能倒的鴻海，基本上代工包山包海，毛利低但憑著多年紮實的代工經驗，應該有機會能
吃到一點機器人組裝代工的肉吧？

成本230，該續抱嗎？還是止血改標的？或等Space X然後All in？

https://i.imgur.com/RyynoLg.jpeg

手機排版請見諒，祝大家荷包賺飽飽，感恩。",2026-01-30
2330,Re: [心得] 2330被賠錢心得,"今天上2000，下週繼續向上

發零用錢給你也不領

881

※ 引述《k70220 (下雨)》之銘言：

: 那時大家一直說會到2000以上，

: 跌到2000以下就買

: 看了夜盤星期一會共跌10趴了

: 感覺看現在局勢

: 今年2000元太難了

: 只能套到明年在看看

: 希望大家別在1700以上買這檔

: 節目也別看，會害死人啊

: 本來想說要不要全賣換原油正2

: 想想算了

: 一個月薪水就這樣飛了

: 
https://i.mopix.cc/3KN0t7.jpg",2026-04-10
2330,[心得] 2330被賠錢心得,"那時大家一直說會到2000以上，
跌到2000以下就買
看了夜盤星期一會共跌10趴了
感覺看現在局勢
今年2000元太難了
只能套到明年在看看
希望大家別在1700以上買這檔
節目也別看，會害死人啊
本來想說要不要全賣換原油正2
想想算了
一個月薪水就這樣飛了

https://i.mopix.cc/3KN0t7.jpg",2026-03-28
2330,[情報] 7867特力屋 取得2303/2330/8299 處分2330,"標題：

公告本公司一年內累積取得同一有價證券達實收資本額百分之二十
本公司一年內累積取得與處分同一有價證券達實收資本額百分之二十
公告本公司一年內累積取得同一有價證券達實收資本額百分之二十

來源：公開資訊觀測站

網址：
https://mopsov.twse.com.tw/mops/web/t146sb05

內文：

沒什麼，只是想到年初有這篇新聞

#1fRcE4dO (Stock)

30年老牌大轉型　特力屋董事長何湯雄：不變就是死路一條

祝轉型成功(?

==========

交易 交易日期            股票   交易張數     均價 剩餘張數 損益(仟)

取得
 115/01/23~115/01/28 
聯  電 2,900       70.50    1,700 N/A

取得
 114/11/05~115/02/02 
台積電   140    1,620.71       50
 N/A

處分
 114/12/26~115/02/11 
台積電   140    1,737.32        0
 
16,325

取得
 115/02/11~115/02/25 
群  聯   106    1,892.83       66 N/A

今日收盤價

聯  電：   60.4

台積電：1,850.0

群  聯：1,745.0

=====取得聯電=====

1.證券名稱:
聯華電子股份有限公司(股票代號2303)
2.交易日期:115/1/23~115/1/28
3.董事會通過日期: 不適用
4.其他核決日期:
核決層級:董事長核決
民國115年1月28日
5.交易數量、每單位價格及交易總金額:
累積交易數量:2,900仟股 每單位價格:平
均每股70.50元 累積交易總金額204,443仟元
6.處分利益（或損失）（取得有價證券者不適用）:
不適用
7.與交易標的公司之關係:
無
8.迄目前為止，累積持有本交易證券（含本次交易）之數量、金額、持股
比例及權利受限情形（如質押情形）:
累積持有數量：1,700仟股 累積持有金額：
新台幣122,868仟元 累積持股比例：0.001%
權利受限情形：無
9.迄目前為止，依「公開發行公司取得或處分資產處理準則」第三條所列之有價證券投
資（含本次交易）占公司最近期財務報表中總資產及歸屬於母公司業主之權益之比例
暨最近期財務報表中營運資金數額:
佔總資產:4.7% 佔歸屬於母公司業主之權益
之比例:16.4% 最近期財務報表營運資金:
78,208仟元
10.取得或處分之具體目的:
財務投資
11.本次交易表示異議董事之意見:
不適用
12.本次交易為關係人交易:
否
13.交易相對人及其與公司之關係:
不適用
14.監察人承認或審計委員會同意日期:
不適用
15.前已就同一件事件發布重大訊息日期: 不適用
16.其他敘明事項:
無

=====取得及處分台積電=====

1.證券名稱:
台灣積體電路製造股份有限公司
(股票代號2330)
2.交易日期:114/11/5~115/2/11
3.董事會通過日期: 不適用
4.其他核決日期:
核決層級:董事長核決
民國115年2月11日
5.交易數量、每單位價格及交易總金額:
取得:(114/11/5~115/2/2)
累積交易數量:140仟股
每單位價格:平均每股1620.71元
累積交易總金額226,900仟元
處分:(114/12/26~115/2/11)
累積交易數量:140仟股
每單位價格:平均每股1,737.32元
累積交易總金額243,225仟元
6.處分利益（或損失）（取得有價證券者不適用）:
取得：不適用。
處分利益新台幣16,325仟元
7.與交易標的公司之關係:
無
8.迄目前為止，累積持有本交易證券（含本次交易）之數量、金額、持股
比例及權利受限情形（如質押情形）:
取得：累積持有數量：50仟股
累積持有金額：新台幣87,625仟元
累積持股比例：0.00002% 權利受限情形：無。
處分：累積持有數量：0股
累積持有金額：新台幣0元
累積持股比例：0.00% 權利受限情形：無
9.迄目前為止，依「公開發行公司取得或處分資產處理準則」第三條所列之有價證券投
資（含本次交易）占公司最近期財務報表中總資產及歸屬於母公司業主之權益之比例
暨最近期財務報表中營運資金數額:
取得: 佔總資產:6.1%
佔歸屬於母公司業主之權益之比例:21.2%
最近期財務報表營運資金:78,208仟元
處分: 佔總資產:7.2%
佔歸屬於母公司業主之權益之比例:25.1%
最近期財務報表營運資金:78,208仟元
10.取得或處分之具體目的:
財務投資
11.本次交易表示異議董事之意見:
不適用
12.本次交易為關係人交易:
否
13.交易相對人及其與公司之關係:
不適用
14.監察人承認或審計委員會同意日期:
不適用
15.前已就同一件事件發布重大訊息日期: 不適用
16.其他敘明事項:
無

=====取得群聯=====

1.證券名稱:
群聯電子股份有限公司(股票代號8299)
2.交易日期:115/2/11~115/2/25
3.董事會通過日期: 不適用
4.其他核決日期:
核決層級:董事長核決
民國115年2月25日
5.交易數量、每單位價格及交易總金額:
累積交易數量106仟股
每單位價格:平均每股1,892.83元
累積交易總金額200,640仟元
6.處分利益（或損失）（取得有價證券者不適用）:
不適用
7.與交易標的公司之關係:
無
8.迄目前為止，累積持有本交易證券（含本次交易）之數量、金額、持股
比例及權利受限情形（如質押情形）:
累積持有數量：66仟股
累積持有金額：新台幣126,720仟元
累積持股比例：0.003% 權利受限情形：無
9.迄目前為止，依「公開發行公司取得或處分資產處理準則」第三條所列之有價證券投
資（含本次交易）占公司最近期財務報表中總資產及歸屬於母公司業主之權益之比例
暨最近期財務報表中營運資金數額:
佔總資產:7.8%
佔歸屬於母公司業主之權益之比例:27.2%
最近期財務報表營運資金:78,208仟元
10.取得或處分之具體目的:
財務投資
11.本次交易表示異議董事之意見:
不適用
12.本次交易為關係人交易:
否
13.交易相對人及其與公司之關係:
不適用
14.監察人承認或審計委員會同意日期:
不適用
15.前已就同一件事件發布重大訊息日期: 不適用
16.其他敘明事項:
無",2026-03-11
2330,Re: [標的] 2330 台積電最大的風險是「沒有對手」？,"沒對手不代表沒有風險，沒對手代表所有風險都獨立承擔

1.2nm第一代會不會和3nm第一代一樣有技術缺陷或者參數激進，尚不可知，尤其是運用在算卡上會不會又有發熱問題呢

2.川普對世界貿易的衝擊

3.2500億美金相當於一年資本支出的5倍，也就是在美今後投資一年就要和現在一年總支出持平

4.intel未必不能靠18a翻身。背部供電和gaa，intel已經趟過河。敢量產，臺積電還沒有

5.llm到瓶頸，hpc業務因爲美國供電能力到達瓶頸。

6.openai和甲骨文以及nvdia的投資蜈蚣大潰堤

7.AI固有算法大改進，算力需求又降低，甚至變形金剛被淘汰

臺灣人不要以爲AI已經找到終極路徑，只需要堆算力。
就說meta apple nvdia ms，這幾年誰沒有技術坎坷。

現在美國技術領域只剩製藥 飛機 和AI領先中國，也只有飛機尚有十年以上差距
製藥AI都只有幾年差距。美國只好把拉大中美科技代差的唯一最有可能AI無限想象中放大

單壓總沒有好下場

※ 引述《twoquarters ()》之銘言：

: 標的：

: 2330.TW 台積電

: 分類：討論

: 分析/正文：

: 各位版友看到標題你可能很想按 2 給噓，但這是知名分析師 Ben Thompson 的觀點

: 如果可以的話，或許可以先繼續看下去（？ 以下是正文：

: 文章連結：
https://pse.is/8nvckx

: 文章標題：TSMC Risk（台積電風險）

: 看到這個標題，你大概以為你知道這篇文章要講什麼。最先進的半導體是由位於台灣的台

: 積電（TSMC）製造的，而中國宣稱擁有台灣的主權，並且從未也將不會排除武力統一的可

: 能性。與此相關的是，人工智慧（AI）顯然具有重大的國家安全意涵；在達沃斯論壇上，

: Anthropic 執行長 Dario Amodei 重申了他反對美國允許向中國出售 Nvidia 晶片的立場

: 。據彭博社報導：

: Anthropic 執行長 Dario Amodei 表示，隨著美國採取行動允許 Nvidia 公司向北京出

: 售其 H200 處理器，向中國出售先進的人工智慧晶片是一個具有「不可思議的國家安全影

: 響」的失誤。「運送這些晶片將是一個巨大的錯誤，」Amodei 在瑞士達沃斯舉行的世界

: 經濟論壇上接受彭博社總編輯 John Micklethwait 採訪時說道。「我認為這很瘋狂。這

: 有點像把核武賣給北韓。」

: 核武的比喻很有意思：許多賽局理論就是為了管理核武風險而發展出來的，特別是在蘇聯

: 獲得/竊取了核武能力，終結了美國對該技術的短暫壟斷之後。然而，在那之前，由於只

: 有美國擁有核武而其他國家沒有，美國擁有軍事上的主導地位。也許 Amodei 認為美國應

: 該擁有先進的 AI 而中國不應擁有，從而讓我們保持軍事上的主導地位？

: 然而，這個現實的問題在於台灣，正如我在《AI 的承諾與晶片的危局》一文中所解釋的

: 那樣。與核武相比，AI 在台灣有一個實體的依賴點（即台積電），這很容易被中國的飛

: 彈摧毀，甚至不需要全面入侵；如果我們陷入只有美國擁有那種能賦予我們無懈可擊軍事

: 優勢的 AI 的情況，那麼中國的最佳策略就會變成「將台積電從棋盤上移除」。

: 鑑於這種依賴性，我在那篇文章中的建議與 Amodei 背道而馳：我希望中國不僅依賴美國

: 晶片，還要直接依賴台積電，這就是為什麼我主張向中國出售 Nvidia 晶片，並進一步認

: 為華為和其他中國公司應該能夠從台積電採購（反過來說，我會禁止向中國晶圓廠出售半

: 導體製造設備）。我認為川普政府至少在第一點上採取行動是一件好事。

: 但是，這種風險並不是本文的主題：整個 AI 產業正面臨著另一個台積電風險；而且，這

: 是一個負面影響已經開始顯現的風險。

: 台積電的煞車作用（The TSMC Brake）

: 上一季大型科技公司的財報中有一個共同的主調：AI 的需求超過了供給。以下是亞馬遜

: （Amazon）執行長 Andy Jassy 在公司財報電話會議上的發言：

: 你們將看到我們繼續非常積極地投資產能，因為我們看到了需求。我們現在增加產能的

: 速度有多快，我們將其變現的速度就有多快。

: 微軟（Microsoft）財務長 Amy Hood 在公司財報電話會議上表示：

: Azure AI 服務的營收大致符合預期，本季度跨工作負載的需求再次超過了供給，即使

: 我們已經上線了更多的產能。

: Google 財務長 Anat Ashkenazi 在公司財報電話會議上指出：

: 在 GCP（Google Cloud Platform）方面，我們看到企業 AI 基礎設施的強勁需求，包

: 括 TPU 和 GPU、由 Gemini 2.5 和我們其他 AI 模型驅動的企業 AI 解決方案，以及核

: 心 GCP 基礎設施和其他服務，如網路安全和數據分析。正如我在之前的財報電話會議中

: 提到的，雖然我們一直在努力增加產能，並加快了伺服器部署和資料中心建設的步伐，但

: 我們仍預計在第四季度和 2026 年將維持供需緊張的環境。

: Meta 執行長 Mark Zuckerberg 在公司財報電話會議上說：

: 到目前為止，我們一直看到這種模式：我們根據我們認為激進的假設建立了一定數量的

: 基礎設施。然後我們總是發現有更多的需求能夠使用更多的算力，特別是在核心業務中，

: 其獲利能力比我們最終擁有的算力所能支援的還要高。

: 本月早些時候，台積電董事長兼執行長魏哲家（C.C. Wei）承認，短缺的是晶片，而不是

: 電力；摘自該公司的財報電話會議：

: 談到在世界各地建立大量 AI 資料中心，我引用我的一位客戶的客戶的回答。我問了同

: 樣的問題。他們告訴我，他們早在 5、6 年前就規劃好了。所以，正如我所說，那些雲端

: 服務供應商很聰明，非常聰明。他們說他們在 5、6 年前就致力於電力供應。所以，今天

: 他們給我的訊息是：台積電的矽晶圓（產能）是瓶頸，並叫我不要管其他因素，因為

: 他們必須先解決矽晶圓的瓶頸。但確實，我們在世界各地都獲得了電力供應，特別是在美

: 國。不僅如此，我們還關注誰支援那種電力供應，比如渦輪機，比如核電廠之類的計畫。

: 我們也關注伺服器機櫃（rack）的供應。我們也關注冷卻系統的供應。到目前為止，一切

: 都很好。所以我們必須努力縮小需求與台積電供應之間的差距。

: 如果你看看台積電的財務狀況，特別是該公司的年度資本支出（CapEx），造成這種差距

: 的原因就很明顯了：

: 
https://i.meee.com.tw/Bq5MCSo.jpg

: 在 2021 年因新冠疫情造成的短缺和對 5G 的信念推動資本支出大幅增加之後，台積電隨

: 後幾年的年度資本支出基本上持平——事實上，在 2023 年和 2024 年均呈現同比下降。

: 注意這些日期！ChatGPT 於 2022 年 11 月發布；這引發了超大規模雲端業者（

: hyperscalers）資本支出的大規模增加，但看起來台積電當時並沒有買單這種炒作。

: 在2020年代初期缺乏增加投資，就是今天出現短缺的原因，也是台積電成為 AI 建設/泡沫

: 事實上的「煞車」的原因；我在上一季寫道：

: 換句話說，如果 Altman 和 OpenAI 是推動加速 AI 基礎設施建設的人，那麼魏哲家和

: 台積電就是踩煞車的人。Altman 所有的交易最終能在多大程度上實現，取決於台積電現

: 在在產能上投資多少，雖然他們還沒完全攤牌，但這家公司在口頭上說 AI 是一個巨大的

: 趨勢，卻尚未承諾相應水平的投資，至少相對於 OpenAI 的目標而言是如此。

: 那篇更新是關於未來的，但重要的是要注意，如果上述所有執行長和財務長的評論均屬實

: ，那麼「台積電煞車」已經讓最大的科技公司損失了大量資金。這就是供應不足以滿足需

: 求的後果：本來可以賺到的營收沒賺到，因為台積電沒有在其他人買單 AI 炒作的同時也

: 跟進。

: 台積電的資本支出計畫（TSMC’s CapEx Plans）

: 台積電終於開始增加投資了。去年的資本支出增加了 37% 達到 410 億美元，今年的支出

: 預計將再次增加至 520 億到 560 億美元；如果我們取中間值，這代表增加了 32%，比去

: 年的增幅略低：

: 
https://i.meee.com.tw/mXBHMQG.jpg

: 別搞錯了，540 億美元是一個巨大的數字，魏哲家承認這讓他感到緊張：

: 你基本上是試圖問 AI 的需求是否真實。我也對此非常緊張。是的，你說得對，因為我

: 們必須投資大約 520 億到 560 億美元的資本支出，對吧？如果我們不小心行事，那對台

: 積電來說肯定會是一場大災難。所以，當然，我在過去的三四個月裡花了很多時間與我的

: 客戶以及客戶的客戶交談。我要確保我的客戶的需求是真實的。

: 魏哲家明確表示，他擔心的是幾年後的市場：

: 如果你蓋一座新晶圓廠，需要兩到三年，兩到三年才能建成。所以即使我們開始花費

: 520 億到 560 億美元，對今年的貢獻幾乎為零，對 2027 年也只有一點點。所以我們實

: 際上是在展望 2028-2029 年的供應，我們希望那時差距會縮小……所以對於 2026-2027

: 年的短期，我們尋求提高生產力。2028 到 2029 年，是的，我們開始顯著增加產能。如

: 果 AI 需求的大趨勢如我們預期的那樣，這將繼續下去。

: 首先，這種延遲效應解釋了為什麼台積電幾年前沒有增加資本支出會導致今天的供需失衡

: 。其次，請注意今年計畫的增長要到 2028 年才會真正產生影響，與超大規模業者的資本

: 支出增長相比顯得相形見絀（2025 年的數字是預估值；注意亞馬遜的資本支出包括

: Amazon.com）：

: 
https://i.meee.com.tw/NjQoZCz.jpg

: 請記住，這部分資本支出增長很大一部分是用於晶片，而這些晶片是由台積電幾年前停滯

: 不前的資本支出增長所支撐的。值得注意的是，台積電目前和預計的資本支出增長仍然低

: 於超大規模業者：到了 2028 年，當今天建設的晶圓廠真正開始生產晶片時，這個差距會

: 比超大規模業者的增長少多少？

: 簡而言之，台積電的煞車作用不會消失——如果說有什麼變化的話，那就是煞車踩得比以

: 往任何時候都更緊。

: 台積電風險（TSMC Risk）

: 要說清楚的是，台積電的做法是非常理性的。資本支出本質上是有風險的：你現在花錢是

: 為了預期未來可能出現也可能不會出現的需求。此外，晶圓代工廠（foundry）的風險基

: 本上比任何其他商業模式都要高：晶圓代工廠幾乎所有的成本都是資本支出，這意味著如

: 果需求未能實現，折舊成本並不會像邊際成本比例較高的商業模式那樣下降。建造晶圓廠

: 所需的巨額資金更加劇了這種情況：520 億至 560 億美元可能會帶來高利潤的營收，但

: 由於產能過剩，這些高利潤也很容易轉變為巨額虧損和多年的定價權削弱。因此，台積電

: 試圖管理其風險是可以理解的。當然，該公司可能會放棄 2028 年的一些潛在收益，但

: 魏哲家最關心的是避免「一場大災難」。

: 然而，需要注意的是，台積電正在管理的風險並沒有直接消失：相反，它被轉嫁給了超

: 大規模業者。具體來說，如果我們到了 2028 年，台積電生產的晶片仍然不足以滿足需求

: ，那就意味著超大規模業者將放棄數十億美元的營收，甚至比他們今天已經放棄的還要

: 多。是的，這種風險比台積電試圖避免的風險更難察覺，因為超大規模業者不會因為缺乏

: 滿足需求的晶片而破產。儘管如此，潛在未賺到的錢，特別是當這個數字可能達到數千億

: 美元時，絕對是超大規模業者因台積電的保守主義而承擔的風險。

: 超大規模業者需要明白的是，僅僅乞求台積電生產更多晶片並不能解決這個問題，因為乞

: 求台積電生產更多，基本上是要求台積電收回它已經轉嫁給超大規模業者的風險——他們

: 已經拒絕了！相反，唯一能真正激勵台積電承擔更多風險的是競爭。如果台積電擔心的不

: 僅僅是放棄自己的額外營收，而是實際上將業務輸給競爭對手，那麼該公司就會投資更多

: 。此外，這些額外的投資將疊加在上述競爭對手的投資之上，這意味著世界將突然擁有大

: 幅增加的晶圓廠產能。

: 如果你想要泡沫（If You Want a Bubble）

: 簡而言之，真正獲得 AI 泡沫（伴隨其帶來的所有潛在好處），或者在樂觀的情況下，真

: 正滿足 2028 年及以後的需求的唯一方法，就是在晶圓代工領域擁有競爭。推而廣之，這

: 意味著三星（Samsung）或英特爾（Intel），或者兩者皆是，必須實際上成為可行選項。

: 然而，請記住這些代工廠面臨的首要挑戰：正是那些被台積電委派承擔風險的公司缺乏需

: 求。我在《美國英特爾》（U.S. Intel）一文中寫道：

: 然而，我們神話般的這家新創公司並不是存在於真空中：它與定義了現代純晶圓代工模

: 式的台積電存在於同一個世界。台積電投入了多年時間，投入了資金；台積電擁有無與倫

: 比的客戶服務方式，創造了整個無晶圓廠（fabless）晶片產業；而且，關鍵在於，台積

: 電就像在行動裝置時代所做的那樣，正積極投資以迎接 AI 時刻。如果你是 Nvidia，或

: 者是智慧型手機領域的 Apple，或者是 AMD 或 Qualcomm，你為什麼要冒險在其他地方製

: 造晶片？當然，台積電面對巨大的需求正在漲價，但晶片在系統中的整體成本仍然很小；

: 為了節省幾美元而換取較差的效能、較差的客戶體驗、上市時間的延遲以及潛在的災難性

: 產品故障，值得拿你的整個業務去冒險嗎？

: 我們知道這家神話般的新創公司會面臨這些挑戰，因為這正是英特爾面臨的挑戰。英特爾

: 可能需要「一個有意義的外部客戶來推動其已部署資本的可接受回報」，但英特爾的需求

: 並不能驅動那些外部客戶的決策，儘管英特爾雖然尚未完全趕上台積電，但至少已進入了

: 同一個競技場，這也是任何新創公司幾十年內都無法企及的。

: 成為三星或英特爾的重要客戶是非常冒險的：在一個新製程上讓晶片運作需要數年時間，

: 如果該製程可能不如預期，且提供該製程的公司肯定不如台積電那樣以客戶服務為中心，

: 這似乎不值得。我理解為什麼每個人都堅守台積電。

: 然而，超大規模業者和無晶圓廠晶片公司需要覺醒的現實是，避免與台積電以外的人合作

: 的風險，會帶來新的風險，這些風險既更難察覺，也更加巨大。再說一次，我們已經可以

: 看到危害：因為需求超過供給，今天的營收正在流失。然而，今天的短缺可能只是小菜一

: 碟：如果 AI 真如這些公司所宣稱的那樣具有潛力，那麼在2020年代末尾流失的營收將會

: 呈指數級增長——這肯定比讓三星或英特爾成為台積電的可行競爭對手所需的任何費用都

: 要高得多。

: 順帶一提，如果地緣政治風險問題真能解決，這就是解決之道。很難讓公司為可能永遠不

: 會實現的地緣政治風險購買保險。更有可能發生的情況是，台積電的客戶意識到他們最大

: 的風險不是台積電被中國炸毀，而是台積電的壟斷地位以及其不願冒險進行與產業其餘部

: 分相匹配的投資速度，這意味著產業的其餘部分將無法充分獲取 AI 的價值。

: 結論/心得：

: 如果版友覺得文章有夠長，這裡有簡報版本可參考：

: 
https://pse.is/8nvc9x

: 或是也可以參考這篇評論（台灣目前的評論不多）

: 
https://pse.is/8nvbve

: Ben Thompson 認為，台積電投入的 Capex 不夠多，至少與 AI 巨頭相比是如此

: 這會導致在 2028 年後，AI 巨頭將面臨比現在更嚴峻的晶片荒

: 但由於台積電此刻沒有足夠強的競爭對手，因此台積電沒有大量增產的壓力

: 最終，AI 榮景（泡沫）若吹不起來，可能就是肇因於台積電此刻的「沒有對手」

: 若 Ben Thompson 的推論為真，台積電將面臨一個 短多長空 的局面

: 只是這個「長空」發生的時間點將會落在 2028 年QQ",2026-02-03
2330,[標的] 2330 台積電最大的風險是「沒有對手」？,"標的：
2330.TW 台積電

分類：討論

分析/正文：

各位版友看到標題你可能很想按 2 給噓，但這是知名分析師 Ben Thompson 的觀點
如果可以的話，或許可以先繼續看下去（？ 以下是正文：

文章連結：
https://pse.is/8nvckx

文章標題：
TSMC Risk（台積電風險）

看到這個標題，你大概以為你知道這篇文章要講什麼。最先進的半導體是由位於台灣的台
積電（TSMC）製造的，而中國宣稱擁有台灣的主權，並且從未也將不會排除武力統一的可
能性。與此相關的是，人工智慧（AI）顯然具有重大的國家安全意涵；在達沃斯論壇上，
Anthropic 執行長 Dario Amodei 重申了他反對美國允許向中國出售 Nvidia 晶片的立場
。據彭博社報導：

Anthropic 執行長 Dario Amodei 表示，隨著美國採取行動允許 Nvidia 公司向北京出
售其 H200 處理器，向中國出售先進的人工智慧晶片是一個具有「不可思議的國家安全影
響」的失誤。「運送這些晶片將是一個巨大的錯誤，」Amodei 在瑞士達沃斯舉行的世界
經濟論壇上接受彭博社總編輯 John Micklethwait 採訪時說道。「我認為這很瘋狂。這
有點像把核武賣給北韓。」

核武的比喻很有意思：許多賽局理論就是為了管理核武風險而發展出來的，特別是在蘇聯
獲得/竊取了核武能力，終結了美國對該技術的短暫壟斷之後。然而，在那之前，由於只
有美國擁有核武而其他國家沒有，美國擁有軍事上的主導地位。也許 Amodei 認為美國應
該擁有先進的 AI 而中國不應擁有，從而讓我們保持軍事上的主導地位？

然而，這個現實的問題在於台灣，正如我在《AI 的承諾與晶片的危局》一文中所解釋的
那樣。與核武相比，AI 在台灣有一個實體的依賴點（即台積電），這很容易被中國的飛
彈摧毀，甚至不需要全面入侵；如果我們陷入只有美國擁有那種能賦予我們無懈可擊軍事
優勢的 AI 的情況，那麼中國的最佳策略就會變成「將台積電從棋盤上移除」。

鑑於這種依賴性，我在那篇文章中的建議與 Amodei 背道而馳：我希望中國不僅依賴美國
晶片，還要直接依賴台積電，這就是為什麼我主張向中國出售 Nvidia 晶片，並進一步認
為華為和其他中國公司應該能夠從台積電採購（反過來說，我會禁止向中國晶圓廠出售半
導體製造設備）。我認為川普政府至少在第一點上採取行動是一件好事。

但是，這種風險並不是本文的主題：整個 AI 產業正面臨著另一個台積電風險；而且，這
是一個負面影響已經開始顯現的風險。

台積電的煞車作用（The TSMC Brake）

上一季大型科技公司的財報中有一個共同的主調：AI 的需求超過了供給。以下是亞馬遜
（Amazon）執行長 Andy Jassy 在公司財報電話會議上的發言：

你們將看到我們繼續非常積極地投資產能，因為我們看到了需求。我們現在增加產能的
速度有多快，我們將其變現的速度就有多快。

微軟（Microsoft）財務長 Amy Hood 在公司財報電話會議上表示：

Azure AI 服務的營收大致符合預期，本季度跨工作負載的需求再次超過了供給，即使
我們已經上線了更多的產能。

Google 財務長 Anat Ashkenazi 在公司財報電話會議上指出：

在 GCP（Google Cloud Platform）方面，我們看到企業 AI 基礎設施的強勁需求，包
括 TPU 和 GPU、由 Gemini 2.5 和我們其他 AI 模型驅動的企業 AI 解決方案，以及核
心 GCP 基礎設施和其他服務，如網路安全和數據分析。正如我在之前的財報電話會議中
提到的，雖然我們一直在努力增加產能，並加快了伺服器部署和資料中心建設的步伐，但
我們仍預計在第四季度和 2026 年將維持供需緊張的環境。

Meta 執行長 Mark Zuckerberg 在公司財報電話會議上說：

到目前為止，我們一直看到這種模式：我們根據我們認為激進的假設建立了一定數量的
基礎設施。然後我們總是發現有更多的需求能夠使用更多的算力，特別是在核心業務中，
其獲利能力比我們最終擁有的算力所能支援的還要高。

本月早些時候，
台積電董事長兼執行長魏哲家（C.C. Wei）承認，短缺的是晶片，而不是

電力
；摘自該公司的財報電話會議：

談到在世界各地建立大量 AI 資料中心，我引用我的一位客戶的客戶的回答。我問了同
樣的問題。他們告訴我，他們早在 5、6 年前就規劃好了。所以，正如我所說，那些雲端
服務供應商很聰明，非常聰明。他們說他們在 5、6 年前就致力於電力供應。所以，今天
他們給我的訊息是：
台積電的矽晶圓（產能）是瓶頸
，並叫我不要管其他因素，因為
他們必須先解決矽晶圓的瓶頸。但確實，我們在世界各地都獲得了電力供應，特別是在美
國。不僅如此，我們還關注誰支援那種電力供應，比如渦輪機，比如核電廠之類的計畫。
我們也關注伺服器機櫃（rack）的供應。我們也關注冷卻系統的供應。到目前為止，一切
都很好。所以我們必須努力縮小需求與台積電供應之間的差距。

如果你看看台積電的財務狀況，特別是該公司的年度資本支出（CapEx），造成這種差距
的原因就很明顯了：

https://i.meee.com.tw/Bq5MCSo.jpg

在 2021 年因新冠疫情造成的短缺和對 5G 的信念推動資本支出大幅增加之後，台積電隨
後幾年的年度資本支出基本上持平——事實上，在 2023 年和 2024 年均呈現同比下降。
注意這些日期！ChatGPT 於 2022 年 11 月發布；這引發了超大規模雲端業者（
hyperscalers）資本支出的大規模增加，但看起來台積電當時並沒有買單這種炒作。

在2020年代初期缺乏增加投資，就是今天出現短缺的原因，也是台積電成為 AI 建設/泡沫

事實上的「煞車」的原因
；我在上一季寫道：

換句話說，如果 Altman 和 OpenAI 是推動加速 AI 基礎設施建設的人，那麼魏哲家和
台積電就是踩煞車的人。Altman 所有的交易最終能在多大程度上實現，取決於台積電現
在在產能上投資多少，雖然他們還沒完全攤牌，但這家公司在口頭上說 AI 是一個巨大的
趨勢，卻尚未承諾相應水平的投資，至少相對於 OpenAI 的目標而言是如此。

那篇更新是關於未來的，但重要的是要注意，如果上述所有執行長和財務長的評論均屬實
，那麼
「台積電煞車」已經讓最大的科技公司損失了大量資金。這就是供應不足以滿足需

求的後果
：本來可以賺到的營收沒賺到，因為台積電沒有在其他人買單 AI 炒作的同時也
跟進。

台積電的資本支出計畫（TSMC’s CapEx Plans）

台積電終於開始增加投資了。去年的資本支出增加了 37% 達到 410 億美元，今年的支出
預計將再次增加至 520 億到 560 億美元；如果我們取中間值，這代表增加了 32%，比去
年的增幅略低：

https://i.meee.com.tw/mXBHMQG.jpg

別搞錯了，540 億美元是一個巨大的數字，魏哲家承認這讓他感到緊張：

你基本上是試圖問 AI 的需求是否真實。我也對此非常緊張。是的，你說得對，因為我
們必須投資大約 520 億到 560 億美元的資本支出，對吧？如果我們不小心行事，那對台
積電來說肯定會是一場大災難。所以，當然，我在過去的三四個月裡花了很多時間與我的
客戶以及客戶的客戶交談。我要確保我的客戶的需求是真實的。

魏哲家明確表示，他擔心的是幾年後的市場：

如果你蓋一座新晶圓廠，需要兩到三年，兩到三年才能建成。所以即使我們開始花費
520 億到 560 億美元，對今年的貢獻幾乎為零，對 2027 年也只有一點點。所以我們實
際上是在展望 2028-2029 年的供應，我們希望那時差距會縮小……所以對於 2026-2027
年的短期，我們尋求提高生產力。2028 到 2029 年，是的，我們開始顯著增加產能。如
果 AI 需求的大趨勢如我們預期的那樣，這將繼續下去。

首先，
這種延遲效應解釋了為什麼台積電幾年前沒有增加資本支出會導致今天的供需失衡

。其次，請注意今年計畫的增長要到 2028 年才會真正產生影響
，與超大規模業者的資本
支出增長相比顯得相形見絀（2025 年的數字是預估值；注意亞馬遜的資本支出包括
Amazon.com）：

https://i.meee.com.tw/NjQoZCz.jpg

請記住，這部分資本支出增長很大一部分是用於晶片，而這些晶片是由台積電幾年前停滯
不前的資本支出增長所支撐的。值得注意的是，台積電目前和預計的資本支出增長仍然低
於超大規模業者：到了 2028 年，當今天建設的晶圓廠真正開始生產晶片時，這個差距會
比超大規模業者的增長少多少？

簡而言之，
台積電的煞車作用不會消失——如果說有什麼變化的話，那就是煞車踩得比以

往任何時候都更緊。

台積電風險（TSMC Risk）

要說清楚的是，台積電的做法是非常理性的。資本支出本質上是有風險的：你現在花錢是
為了預期未來可能出現也可能不會出現的需求。此外，晶圓代工廠（foundry）的風險基
本上比任何其他商業模式都要高：晶圓代工廠幾乎所有的成本都是資本支出，這意味著如
果需求未能實現，折舊成本並不會像邊際成本比例較高的商業模式那樣下降。建造晶圓廠
所需的巨額資金更加劇了這種情況：520 億至 560 億美元可能會帶來高利潤的營收，但
由於產能過剩，這些高利潤也很容易轉變為巨額虧損和多年的定價權削弱。因此，台積電
試圖管理其風險是可以理解的。當然，該公司可能會放棄 2028 年的一些潛在收益，但
魏哲家最關心的是避免「一場大災難」。

然而，需要注意的是，台積電正在管理的風險並沒有直接消失：相反，它被轉嫁給了超
大規模業者。具體來說，
如果我們到了 2028 年，台積電生產的晶片仍然不足以滿足需求

，那就意味著超大規模業者將放棄數十億美元的營收
，甚至比他們今天已經放棄的還要
多。是的，這種風險比台積電試圖避免的風險更難察覺，因為超大規模業者不會因為缺乏
滿足需求的晶片而破產。儘管如此，潛在未賺到的錢，特別是當這個數字可能達到數千億
美元時，絕對是超大規模業者因台積電的保守主義而承擔的風險。

超大規模業者需要明白的是，僅僅乞求台積電生產更多晶片並不能解決這個問題
，因為乞
求台積電生產更多，基本上是要求台積電收回它已經轉嫁給超大規模業者的風險——他們
已經拒絕了！
相反，唯一能真正激勵台積電承擔更多風險的是競爭。
如果台積電擔心的不
僅僅是放棄自己的額外營收，而是實際上將業務輸給競爭對手，那麼該公司就會投資更多
。此外，這些額外的投資將疊加在上述競爭對手的投資之上，這意味著世界將突然擁有大
幅增加的晶圓廠產能。

如果你想要泡沫（If You Want a Bubble）

簡而言之，真正獲得 AI 泡沫（伴隨其帶來的所有潛在好處），或者在樂觀的情況下，真
正滿足 2028 年及以後的需求的唯一方法，就是在晶圓代工領域擁有競爭。推而廣之，這
意味著三星（Samsung）或英特爾（Intel），或者兩者皆是，必須實際上成為可行選項。

然而，請記住這些代工廠面臨的首要挑戰：正是那些被台積電委派承擔風險的公司缺乏需
求。我在《美國英特爾》（U.S. Intel）一文中寫道：

然而，我們神話般的這家新創公司並不是存在於真空中：它與定義了現代純晶圓代工模
式的台積電存在於同一個世界。台積電投入了多年時間，投入了資金；台積電擁有無與倫
比的客戶服務方式，創造了整個無晶圓廠（fabless）晶片產業；而且，關鍵在於，台積
電就像在行動裝置時代所做的那樣，正積極投資以迎接 AI 時刻。
如果你是 Nvidia，或

者是智慧型手機領域的 Apple，或者是 AMD 或 Qualcomm，你為什麼要冒險在其他地方製

造晶片？
當然，台積電面對巨大的需求正在漲價，但晶片在系統中的整體成本仍然很小；
為了節省幾美元而換取較差的效能、較差的客戶體驗、上市時間的延遲以及潛在的災難性
產品故障，值得拿你的整個業務去冒險嗎？

我們知道這家神話般的新創公司會面臨這些挑戰，因為這正是英特爾面臨的挑戰。英特爾
可能需要「一個有意義的外部客戶來推動其已部署資本的可接受回報」，但英特爾的需求
並不能驅動那些外部客戶的決策，儘管英特爾雖然尚未完全趕上台積電，但至少已進入了
同一個競技場，這也是任何新創公司幾十年內都無法企及的。

成為三星或英特爾的重要客戶是非常冒險的
：在一個新製程上讓晶片運作需要數年時間，
如果該製程可能不如預期，且提供該製程的公司肯定不如台積電那樣以客戶服務為中心，
這似乎不值得。
我理解為什麼每個人都堅守台積電。

然而，超大規模業者和無晶圓廠晶片公司需要覺醒的現實是，避免與台積電以外的人合作
的風險，會帶來新的風險，這些風險既更難察覺，也更加巨大。再說一次，我們已經可以
看到危害：因為需求超過供給，今天的營收正在流失。然而，今天的短缺可能只是小菜一
碟：如果 AI 真如這些公司所宣稱的那樣具有潛力，那麼在2020年代末尾流失的營收將會
呈指數級增長——這肯定比讓三星或英特爾成為台積電的可行競爭對手所需的任何費用都
要高得多。

順帶一提，如果地緣政治風險問題真能解決，這就是解決之道。很難讓公司為可能永遠不
會實現的地緣政治風險購買保險。更有可能發生的情況是，
台積電的客戶意識到他們最大

的風險不是台積電被中國炸毀，而是台積電的壟斷地位以及其不願冒險進行與產業其餘部

分相匹配的投資速度，這意味著產業的其餘部分將無法充分獲取 AI 的價值。

結論/心得：

如果版友覺得文章有夠長，這裡有簡報版本可參考：

https://pse.is/8nvc9x

或是也可以參考這篇評論（台灣目前的評論不多）

https://pse.is/8nvbve

Ben Thompson 認為，台積電投入的 Capex 不夠多，至少與 AI 巨頭相比是如此

這會導致在 2028 年後，AI 巨頭將面臨比現在更嚴峻的晶片荒

但由於台積電此刻沒有足夠強的競爭對手，因此台積電沒有大量增產的壓力

最終，
AI 榮景（泡沫）若吹不起來，可能就是肇因於台積電此刻的「沒有對手」

若 Ben Thompson 的推論為真，台積電將面臨一個
 短多長空 
的局面

只是這個「長空」發生的時間點將會落在 2028 年QQ",2026-02-03
2330,Re: [標的] 2330 台積電 無腦空,"※ 引述《jpeter (QQ)》之銘言：

: ※ 引述《jpeter (QQ)》之銘言：

: : 以下我都看對了 為什麼股價還是一直上漲

: : 1. 外資持續賣超

: : 2. 高盛發了2330 的target price 就三天大賣一萬張

: : 台積電跟外資連動最高

: : 為什麼外資一直賣 股價還可以往上? 虛心請教討論

: : thanks

: 2026年 到現在外資還沒買超過台積電

: 股價卻漲了快150塊 到底是那個東方神秘力量在拉抬

: 國安基金接下來退場  外資應該也不想留倉 農曆年前不可能大買

: 台積是不是要開始下修大回擋了 ?

: 純請益 討論  謝謝

: 2026/1/12       -10,256

: 2026/1/9        -11,454

: 2026/1/8        -4,178

: 2026/1/7        -26,816

: 2026/1/6        -7,990

: 2026/1/5        -5,544

: 2026/1/2        -4,399

來了 終於來了 大場面終於在明天到來

黃爸爸說沒有承諾投資OEPNAI 1000億美元

台積資本支出還會有500億嗎?

1835 是今年高點  我忍受大家的恥笑 終於在明天要還我公道

看到閒聊 好多人在問 掛跌停賣得掉嗎? 一月的法說就是利多出盡

AI 泡沫 開始了 還敢買超過1700 勇喔

預告再預告 沒人要聽

建議市價賣出 比跌停的順位較高

謝謝大家",2026-02-01
2330,[標的] 台灣是不是就該買2330台積電,"本人已閱讀完大仁哥書籍
可能要多看幾次
身為在臺灣的上班族
是不是買台股的台積電2330
比買美股的TSM還更有優勢？

另兩倍槓桿etf來看
在臺灣買00631L＞買美股TSMX",2026-01-23
2330,Re: [情報] 2330 台積電 Q4 eps:19.5,"※ 引述《q8977452 (raysin)》之銘言：

: 標題：台積公司2025年第四季每股盈餘新台幣19.50元

: 來源：TSMC 官網

: 網址：
https://pr.tsmc.com/chinese/news/3281

: 內文：

: 台灣積體電路製造股份有限公司今（15）日公佈2025年第四季財務報告，合併營收約新台

: 幣1兆460億9千萬元，稅後純益約新台幣5,057億4千萬元，每股盈餘為新台幣19.50元（折

: 合美國存託憑證每單位為3.14美元）。

: 與去年同期相較，2025年第四季營收增加了20.5%，稅後純益與每股盈餘皆增加了35.0%。

: 與前一季相較，2025年第四季營收增加了5.7%，稅後純益則增加了11.8%。以上財務數字

: 皆為合併財務報表數字，且係依照金管會認可之國際財務報導準則（TIFRS）所編製。

: 若以美元計算，2025年第四季營收為337.3億，較去年同期增加了25.5%，較前一季增加了

: 1.9%。

: 2025年第四季毛利率為62.3%，營業利益率為54.0%，稅後純益率則為48.3%。

: 3奈米製程出貨佔台積公司2025年第四季晶圓銷售金額的28%，5奈米製程出貨佔全季晶圓

: 銷售金額的35%；7奈米製程出貨則佔全季晶圓銷售金額的14%。總體而言，先進製程（包

: 含7奈米及更先進製程）的營收達到全季晶圓銷售金額的77%。

: ---------------------------------------------------------------------

: Q1:  13.94

: Q2:  15.36

: Q3:  17.44

: Q4:  19.5

: ------------

: 整年 66.24 (自算的)

:   更 66.25 (法說會提供)

2025年第四季毛利率為62.3%

照這路線圖看來 GG要破2000惹
現在股價已經天天創新高了

http://i.imgur.com/K2jLB02.jpg

再也看不到以前的三位數啦(除非等分割
想問如果心臟小不想全砸在GG 但又想跟
是不是建議左轉0052、0050這種就好
GG太神啦買不了一點....",2026-01-15
2330,Re: [情報] 2330 台積電 Q4 eps:19.5,": 台積電Q4 EPS創新高

: 看AI熱潮應該也預估得到會越來越好

: 那外資從開春以來9個交易日砍了79000張台積

: 是什麼騷操作阿??

: 昨晚還加空 外資送錢給股民花?

: 今晚美股又GG一人救全村了

老哥不要看賣幾張
你看外資賣了這麼多
結果持股比重有變嗎？？
根本沒有麻~
賣個幾張獲利了結怎麼了
左手換右手你在板上沒聽過？
真的啦 苦勸板上各位
別再看什麼每日買超賣超了啦
真的是菜雞在看的==
只會影響你的操作",2026-01-15
2330,Re: [情報] 2330 台積電 Q4 eps:19.5,"※ 引述《q8977452 (raysin)》之銘言：

: 標題：台積公司2025年第四季每股盈餘新台幣19.50元

: ---------------------------------------------------------------------

: Q1:  13.94

: Q2:  15.36

: Q3:  17.44

: Q4:  19.5

: ------------

: 整年 66.24 (自算的)

: 更 66.25 (法說會提供)

潑個冷水
法說上說預計今年業績成長三成
66.25×1.3，大概就是86
合理本益比20倍，剛好就是這次波段高點1720
所以我猜今年上半年大概就在一千七百多打混了
可能要等到上半年財報出來
下半年才有機會往2000邁進囉",2026-01-15
2354,[情報] 2354 鴻準 Q3 EPS 0.62,"標題：2354 鴻準 Q3 EPS 0.62

來源：TWSE

(公司名、網站名)

網址：
https://mops.twse.com.tw/mops/

(請善用縮網址工具)

內文：
1.提報董事會或經董事會決議日期:2025/11/12
2.審計委員會通過日期:2025/11/12
3.財務報告或年度自結財務資訊報導期間
起訖日期(XXX/XX/XX~XXX/XX/XX):2025/01/01~2025/09/30
4.1月1日累計至本期止營業收入(仟元):113,555,634
5.1月1日累計至本期止營業毛利(毛損)(仟元):4,047,937
6.1月1日累計至本期止營業利益(損失)(仟元):1,519,452
7.1月1日累計至本期止稅前淨利(淨損)(仟元):3,435,652
8.1月1日累計至本期止本期淨利(淨損)(仟元):2,334,715
9.1月1日累計至本期止歸屬於母公司業主淨利(損)(仟元):2,373,086
10.1月1日累計至本期止基本每股盈餘(損失)(元):1.68
11.期末總資產(仟元):159,767,657
12.期末總負債(仟元):57,237,967
13.期末歸屬於母公司業主之權益(仟元):102,868,353
14.其他應敘明事項:無

Q1 營收300億 賺0.67
Q2 營收412億 賺0.39
Q3 營收423.4億 賺0.62

累積1.68

昨天爛到沒人想PO
今天不意外直接一根",2026-11-13
2354,[情報] 2354 鴻準 9月營收 MoM:-6.09% YoY:131%,"1. 標題：2354 鴻準 9月營收 MoM:-6.09% YoY:131%

2. 來源：公開資訊觀測站

3. 網址：
https://mops.twse.com.tw/mops/#/web/home

4. 內文：

民國114年09月   單位：新台幣仟元

項目             營業收入淨額
本月             12,963,200
去年同期          5,605,568
增減金額          7,357,632
增減百分比           131.26
本年累計        113,573,397
去年累計         42,556,793
增減金額         71,016,604
增減百分比           166.87

備註 / 營收變化原因說明 配合客戶策略需求，訂單增加
。

************************************
補充
營收資訊                         單位 : 新台幣仟元
本年迄今累計營收  去年同期累計營收  累計營收成長率
113,573,397       42,556,793        166.87%
114年09月營收     去年同期月營收    月營收成長率
12,963,200        5,605,568         131.26%
114年08月營收     去年同期月營收    月營收成長率
13,803,533        6,783,743         103.48%
114年07月營收     去年同期月營收    月營收成長率
15,584,906        7,825,674         99.15%
114年06月營收     去年同期月營收    月營收成長率
13,604,963        5,979,163         127.54%
************************************",2026-10-05
2354,Re: [情報] 2354 鴻準 25Q2 EPS 0.39,"說真的 我看不懂鴻準今天在漲停什麼

https://ibb.co/678gJ7H8

Q2 累計年增率 218.78% (等於業績翻倍以上)

結果 Q2 EPS 0.38

毛利率低到 2.97% (去年還有 4~8%)

這等於是說 業績翻倍 但賺更少

那這業績有屁用???

業績翻倍 結果上半年 EPS 1.05 比去年上半年 EPS1.2 還爛

這樣就算 7月營收亮眼有屁用?

(注意一點 上半年累積營收年增率 218.78%

但是 1~7月 累積年增率降到 187.75%

這代表去年7月營收也是去年的高點

所以今年7月就算很高 , 年增率是比6月還差)

這種數據 我看不出今天漲停的點在哪裡 ???",2026-08-11
2354,[情報] 2354 鴻準 25Q2 EPS 0.39,"標題：2354 鴻準 25Q2 EPS 0.39

來源：TWSE

(公司名、網站名)

網址：
https://mopsov.twse.com.tw/mops/web/t05sr01_1

(請善用縮網址工具)

內文：
1.提報董事會或經董事會決議日期:114/08/07
2.審計委員會通過日期:114/08/07
3.財務報告或年度自結財務資訊報導期間
起訖日期(XXX/XX/XX~XXX/XX/XX):114/01/01~114/06/30
4.1月1日累計至本期止營業收入(仟元):71,224,059
5.1月1日累計至本期止營業毛利(毛損) (仟元):2,515,565
6.1月1日累計至本期止營業利益(損失) (仟元):928,372
7.1月1日累計至本期止稅前淨利(淨損) (仟元):2,228,940
8.1月1日累計至本期止本期淨利(淨損) (仟元):1,470,471
9.1月1日累計至本期止歸屬於母公司業主淨利(損) (仟元):1,493,316
10.1月1日累計至本期止基本每股盈餘(損失) (元):1.06
11.期末總資產(仟元):162,141,510
12.期末總負債(仟元):67,008,426
13.期末歸屬於母公司業主之權益(仟元):95,433,580
14.其他應敘明事項:無

終於開獎了
Q1 營收300億 賺0.67
Q2 營收412億 賺0.39

明天不用說了吧
直接向下一根",2026-08-07
2354,[情報] 2354鴻準 7月營收,"標題：2354鴻準  7月營收

來源：鉅亨網｜2025.08.05 14:15

網址：
https://www.sinotrade.com.tw/richclub/news/6891a4e98ff59b56a6c98001

(請善用縮網址工具)

內文：

鴻準(2354-TW)今天公告2025年7月營收為新台幣155.85億元

年增率99.15%，月增率14.55%

今年1-7月累計營收為868.07億元，累計年增率187.75%

三圍：
14.55%  99.15%  187.75%

60分K

https://imgpoi.com/i/AN0132.png

今天爆大量我全出了.......ㄇㄉ......",2026-08-05
2354,[情報] 2354 鴻準 3月營收,"標題：2354 鴻準 114年3月營收

來源：鉅亨網新聞中心  2025-04-05 16:00

網址：
https://news.cnyes.com/news/id/5922818

鴻準3月營收120.51億元年增280.79% 1—3月達299.73億元

項目              3月營收       1—3月營收

本年度         12,051,114       29,973,018
去年同期        3,164,751        8,840,076
增減金額        8,886,363       21,132,942
增減(％)           280.79           239.06

營收月增 27.95%  比去年同月增 280.79%  比去年累計增 239.06%

這家股價最近倒大楣，外資狂賣洗籌碼洗融資，股價原本壓到
不能再低(早就穿破十年線)，到川普解放日前外資已轉買且融
資已有連降跡象，結果解放日後再吃兩根跌停。

我去看它公司資料，台灣廠x1、中國廠xn，台灣設計、中國生
產製造，所以我比較好奇，以 Switch2 來說，有搜到國外拆機
消息寫機子 made in vietnam，那「組裝」是在哪? 有洗產地
疑慮嗎?",2026-04-08
2354,[情報] 2354 鴻準 115年3月營收,"標題：2354 鴻準 115年3月營收

來源：公開資訊觀測站

(公司名、網站名)

網址：
https://mopsov.twse.com.tw/mops/web/t51sb10?Stp=R1&TK=

(請善用縮網址工具)

內文：

本資料由　(上市公司)鴻準　公司提供
民國115年03月   單位：新台幣仟元

項目    營業收入淨額
本月      4,689,247
去年同期          12,051,114
增減金額          -7,361,867
增減百分比        
-61.090m

本年累計          25,282,690

去年累計          29,973,018

增減金額          -4,690,328

增減百分比        -15.650m

備註 / 營收變化原因說明 
市場需求減弱，客戶訂單減少",2026-04-05
2354,[情報] 2354 鴻準 代子公司處分群創,"標題：

(補充 115/1/19 公告)
代子公司華準投資股份有限公司公告實際處分群創光電股份有限公司持股

來源：公開資訊觀測站

網址：
https://mopsov.twse.com.tw/mops/web/t146sb05

內文：

1.證券名稱:
群創光電股份有限公司普通股
2.交易日期:115/1/20~115/2/11
3.董事會通過日期: 民國115年1月19日
4.其他核決日期: 不適用
5.交易數量、每單位價格及交易總金額:
交易數量：35,200,000股
每單位價格：每股新台幣24.8元
交易總金額：新台幣868,285,698元
6.處分利益（或損失）（取得有價證券者不適用）:
115/1/20至115/2/11之交易，依取得成本計算已實現利益新台幣
514,877,698
元，
帳列未分配盈餘。
7.與交易標的公司之關係:
無
8.迄目前為止，累積持有本交易證券（含本次交易）之數量、金額、持股
比例及權利受限情形（如質押情形）:
累積持有數量：16,474,021股
累積持有金額：新台幣165,399,171元
持股比例：0.21%
權利受限情形：無
9.迄目前為止，依「公開發行公司取得或處分資產處理準則」第三條所列之有價證券投
資（含本次交易）占公司最近期財務報表中總資產及歸屬於母公司業主之權益之比例
暨最近期財務報表中營運資金數額:
占總資產比例：1.83%
占業主權益比例：2.89%
10.取得或處分之具體目的:
活化資產配置
11.本次交易表示異議董事之意見:
無
12.本次交易為關係人交易:
否
13.交易相對人及其與公司之關係:
無
14.監察人承認或審計委員會同意日期:
不適用
15.前已就同一件事件發布重大訊息日期:
115年1月19日
16.其他敘明事項:
無",2026-02-12
2354,[標的] 2354 鴻準 低檔吃貨多,"標的：2354 鴻準

(例 2330.TW 台積電)

分類：多

(請選擇並刪除無關分類)

分析/正文：
可以看我之前發過的文章

https://www.ptt.cc/bbs/Stock/M.1610767637.A.240.html

https://www.ptt.cc/bbs/Stock/M.1730251986.A.18A.html

2021年疫情就開始追蹤鴻準
而且只要我發文的時候就是高點要出貨
這次反過來
在5X塊發文
低檔吃貨
有各種利多
有任天堂
有AI
有機器人
有GB300
還是鴻海集團
又有美國製造十年計劃

雖然股性爛
但再怎麼爛
現在也已經跌到十年線
再怎麼跌
總不可能腰斬再腰斬
現在怎麼看都是底部
而且又有各種題材
雖然都是別人再喊
但這次我反著做低點喊多
肯定沒錯了

進退場機制：

(非長期投資者，必須有停損機制。討論、心得類免填)

可以看我之前文章

#1W0bqL90 (Stock)

#1d8OpI6A (Stock)

兩篇文基本上都有附上對帳單
現在也是持有五年了
大家一起努力",2026-02-04
2354,[情報] 2354鴻準：子公司擬出清群創持股,"https://mopsov.twse.com.tw/mops/web/t146sb05

1.證券名稱:
群創光電股份有限公司普通股
2.交易日期:115/1/19~115/2/11
3.董事會通過日期: 民國115年1月19日
4.其他核決日期: 不適用
5.交易數量、每單位價格及交易總金額:
交易數量：
已處分39,900,000股，未來預計處分51,674,021股

每單位價格：平均每股新台幣26.6元(已處分)，未來處分價格將另行公告
交易總金額：新台幣1,061,072仟元(已處分，扣除稅費)，未來處分金額將另行公告
6.處分利益（或損失）（取得有價證券者不適用）:

115年1月12日至1月19日之交易，依取得成本計算已實現利益新台幣660,476仟元
，
帳列未分配盈餘。未來處分之股權，將依實際處分價格計算後另行公告。
7.與交易標的公司之關係:
無
8.迄目前為止，累積持有本交易證券（含本次交易）之數量、金額、持股
比例及權利受限情形（如質押情形）:

累積持有數量：51,674,021股

累積持有金額：新台幣518,807,171元
持股比例：0.65%

上禮拜已經賣了近四萬張
剩下的五萬多張也預計出清
高歌離席？",2026-01-19
3017,[情報] 3017 奇鈜 114年11月營收,"標題：
3017 奇鈜 114年11月營收

來源：
公開觀測資訊站

網址：

https://mopsov.twse.com.tw/mops/web/t146sb05

內文：
項目 營業收入淨額
本月      17,382,240
去年同期          7,192,067
增減金額          10,190,173
增減百分比        141.69
本年累計          125,698,089
去年累計          65,130,245
增減金額          60,567,844
增減百分比        92.99
備註 / 營收變化原因說明 因客戶需求增加,使營收成長

-----

MOM： 5.66% YOY：141.69%

委屈好久了
該噴了",2026-12-08
3017,[情報] 3017 奇鋐 Q3 13.67 三季共32.25,"說明
1.提報董事會或經董事會決議日期:114/11/12
2.審計委員會通過日期:114/11/12
3.財務報告或年度自結財務資訊報導期間
起訖日期(XXX/XX/XX~XXX/XX/XX):114/01/01~114/09/30
4.1月1日累計至本期止營業收入(仟元):91,864,360
5.1月1日累計至本期止營業毛利(毛損) (仟元):23,424,149
6.1月1日累計至本期止營業利益(損失) (仟元):17,540,757
7.1月1日累計至本期止稅前淨利(淨損) (仟元):18,733,450
8.1月1日累計至本期止本期淨利(淨損) (仟元):13,691,457
9.1月1日累計至本期止歸屬於母公司業主淨利(損) (仟元):12,550,451
10.1月1日累計至本期止基本每股盈餘(損失) (元):32.25
11.期末總資產(仟元):139,254,042
12.期末總負債(仟元):97,662,049
13.期末歸屬於母公司業主之權益(仟元):36,460,752
14.其他應敘明事項:無。",2026-11-12
3017,[情報] 3017 奇鋐 114年10月營收,"標題：
3017 奇鋐 114年10月營收

來源：
公開觀測資訊站

網址：

https://mopsov.twse.com.tw/mops/web/t146sb05

內文：
本年迄今累計營收        去年同期累計營收        累計營收成長率
108,315,849             57,938,178              86.95%
114年10月營收           去年同期月營收          月營收成長率
16,451,489              7,080,952               132.33%
114年09月營收           去年同期月營收          月營收成長率
14,503,309              6,351,281               128.35%
114年08月營收           去年同期月營收          月營收成長率
12,622,156              6,582,321               91.76%
114年07月營收           去年同期月營收          月營收成長率
11,811,435              6,131,081               92.65%

MOM：13.43% YOY：132.33%

------------------
繼續噴
上看2000",2026-11-07
3017,[情報] 3017 奇鋐 114年9月營收,"標題：
3017 奇鋐 114年9月營收

來源：
公開觀測資訊站

網址：

https://mopsov.twse.com.tw/mops/web/t146sb05

內文：
本年迄今累計營收        去年同期累計營收        累計營收成長率
91,864,360              50,857,226      80.63%
114年09月營收           去年同期月營收  月營收成長率
14,503,309              6,351,281       128.35%
114年08月營收           去年同期月營收  月營收成長率
12,622,156              6,582,321       91.76%
114年07月營收           去年同期月營收  月營收成長率
11,811,435              6,131,081       92.65%
114年06月營收           去年同期月營收  月營收成長率
10,606,243              6,012,196       76.41%

MOM：14.9% YOY：128.35%

---------------
今天收盤的下跌
是為了明天的上漲

讓我們為空蛙默哀一秒鐘",2026-10-07
3017,Re: [標的] 3017 奇鋐 員工旅遊多,"※ 引述《rz2x (弗朗西爾我婆)》之銘言：

: 標的：

: 3017 奇鋐

: 分類：多/空/討論/心得

: 多

: 分析/正文：

: 
https://i.meee.com.tw/5aLygkR.jpg

: 奇鋐自四月低點340.5

: 漲到今天的1070

: 不多不少

: 剛好3.1424375917767988252569750367107倍

: Q1 EPS 8.28

: Q2 EPS 10.3

: 全年預估EPS上看40

: 但你以為這漲完了嗎?

: 當然沒有

: 今年員工旅遊是去北埔老街

: 當日來回

: 讚

: 好公司

: 未來肯定會有高點

: 進退場機制：

: 進場：現在立刻馬上

: 退場：沒有必要

: --------------------------------

: 對不起我錯了

: 有另一個選項

: 宜蘭勝洋休閒農場 or 採蔥 -> 宜蘭傳藝中心

: 當日來回

全新大量穩得利多

員工旅遊親屬同行價從2500

降價至2000

https://www.104.com.tw/company/13pctvp4

從104上我們可以看到奇鋐員工人數10000人

假設員工價跟親屬價一樣
1人省500
10000人省5000000
500萬!!!
500萬啊!!!

省下來的這500萬拿去投資
翻倍再翻倍再翻倍再翻倍再翻倍再翻倍再翻倍

https://i.meee.com.tw/GRyOIpR.jpeg

500萬就會變成6.4億
賺爛了

就算不投資
公司也賺了500萬

感謝
可樂旅遊
讓公司賺錢^^

進退場機制：
進場：現在立刻馬上
退場：沒有必要

----------------------------
早：元氣早餐
中：風味合菜
晚：西式餐盒
餐點這樣
賺爛了

國旅是高貴奢華的象徵
只能一日遊代表訂單太多

國旅 + 一日遊 = 高貴奢華但訂單太多

還不進場",2026-09-15
3017,[情報] 3017 奇鋐 114年8月營收,"標題：
3017 奇鋐 114年8月營收

來源：
公開觀測資訊站

網址：

https://mopsov.twse.com.tw/mops/web/t146sb05

內文：

本年迄今累計營收        去年同期累計營收        累計營收成長率
77,361,051              44,505,945              73.82%
114年08月營收           去年同期月營收          月營收成長率
12,622,156              6,582,321               91.76%
114年07月營收           去年同期月營收          月營收成長率
11,811,435              6,131,081               92.65%
114年06月營收           去年同期月營收          月營收成長率
10,606,243              6,012,196               76.41%
114年05月營收           去年同期月營收          月營收成長率
9,880,100               5,283,456               87.00%

MOM：6.86% YOY：91.76%

-------------------
董事長真的騙人
說甚麼Q3小幅增長或持平Q2
Q3連續兩個月都成長耶
又要回1000啦!!!",2026-09-05
3017,[標的] 3017 奇鋐 員工旅遊多,"標的：
3017 奇鋐

分類：多/空/討論/心得
多

分析/正文：

https://i.meee.com.tw/5aLygkR.jpg

奇鋐自四月低點340.5
漲到今天的1070
不多不少
剛好3.1424375917767988252569750367107倍

Q1 EPS 8.28
Q2 EPS 10.3
全年預估EPS上看40

但你以為這漲完了嗎?
當然沒有

今年員工旅遊是去北埔老街

當日來回

讚
好公司
未來肯定會有高點

進退場機制：
進場：現在立刻馬上
退場：沒有必要
--------------------------------
對不起我錯了

有另一個選項

宜蘭勝洋休閒農場 or 採蔥 -> 宜蘭傳藝中心

當日來回",2026-08-25
3017,[情報] 3017 奇鋐 115年2月營收 年增 74.7%,"標題：3017 奇鋐 115年2月營收

來源：
公開資訊觀策站

網址：
https://reurl.cc/yOyN72

內文：

https://i.mopix.cc/QtiNJf.jpg

年增 74.7% 月減17.6

最近散熱股價都很強勢啊

奇鋐 健策股價都一直創新高",2026-03-06
3017,[情報] 3017奇鋐 115年1月營收,"標題：奇鋐 115年1月營收

來源：公開資訊觀測站

網址：
https://reurl.cc/2l1lR4

內文：

https://i.mopix.cc/M3x6uk.jpg

營收年增150% 月增22% 真的蠻猛的。",2026-02-09
3017,[情報] 3017 奇鋐 114年12月營收,"標題：
3017 奇鋐 114年12月營收

來源：
公開觀測資訊站

網址：

https://mopsov.twse.com.tw/mops/web/t146sb05

內文：
本年迄今累計營收        去年同期累計營收        累計營收成長率
139,639,362             71,761,296              94.59%
114年12月營收           去年同期月營收          月營收成長率
13,941,273              6,631,051               110.24%
114年11月營收           去年同期月營收          月營收成長率
17,382,240              7,192,067               141.69%
114年10月營收           去年同期月營收          月營收成長率
16,451,489              7,080,952               132.33%
114年09月營收           去年同期月營收          月營收成長率
14,503,309              6,351,281               128.35%

備註 / 營收變化原因說明 因客戶需求增加,使營收成長

MOM：-19.8%
 
YOY：110.24%

---------------------
要死啦!!!
散熱大爆崩!!!",2026-01-07
3324,[情報] 3324 雙鴻114年Q3:10.72 累計:18.13,"1. 標題：公告本公司董事會通過114年第三季財務報告

2. 來源：公開資訊觀測站

3. 網址：
https://mops.twse.com.tw/mops/#/web/home

4. 內文：
說明
1.提報董事會或經董事會決議日期:114/11/06
2.審計委員會通過日期:114/11/06
3.財務報告或年度自結財務資訊報導期間
起訖日期(XXX/XX/XX~XXX/XX/XX):114/01/01~114/09/30
4.1月1日累計至本期止營業收入(仟元):15,678,955
5.1月1日累計至本期止營業毛利(毛損) (仟元):4,368,217
6.1月1日累計至本期止營業利益(損失) (仟元):2,189,674
7.1月1日累計至本期止稅前淨利(淨損) (仟元):2,081,929
8.1月1日累計至本期止本期淨利(淨損) (仟元):1,722,923
9.1月1日累計至本期止歸屬於母公司業主淨利(損) (仟元):1,435,153
10.1月1日累計至本期止基本每股盈餘(損失) (元):18.13
11.期末總資產(仟元):21,560,351
12.期末總負債(仟元):11,354,148
13.期末歸屬於母公司業主之權益(仟元):9,856,498
14.其他應敘明事項:
  有關一一四年第三季合併財務報告詳細資訊將於主管機關規定期限內
  完成上傳作業，屆時相關之資訊請逕向公開資訊觀測站查詢。

賺爛了賺爛了",2026-11-06
3324,[情報] 3324 雙鴻 114年9月營收,"標題：
3324 雙鴻 114年9月營收

來源：
公開觀測資訊站

網址：

https://mopsov.twse.com.tw/mops/web/t146sb05

內文：
本年迄今累計營收        去年同期累計營收        累計營收成長率
15,685,043              11,649,822              34.64%
114年09月營收           去年同期月營收          月營收成長率
2,340,447               1,424,051               64.35%
114年08月營收           去年同期月營收          月營收成長率
1,878,969               1,424,957               31.86%
114年07月營收           去年同期月營收          月營收成長率
1,737,663               1,368,352               26.99%
114年06月營收           去年同期月營收          月營收成長率
1,676,452               1,691,726               -0.90%

MOM：24.56% YOY：64.35%

---------------
散熱噴到爆
中秋烤空蛙",2026-10-07
3324,[情報] 3324 雙鴻 114年8月營收,"標題：
3324 雙鴻 114年8月營收

來源：
公開觀測資訊站

網址：

https://mopsov.twse.com.tw/mops/web/t146sb05

內文：
本年迄今累計營收        去年同期累計營收        累計營收成長率
13,344,596              10,225,771              30.50%
114年08月營收           去年同期月營收          月營收成長率
1,878,969               1,424,957               31.86%
114年07月營收           去年同期月營收          月營收成長率
1,737,663               1,368,352               26.99%
114年06月營收           去年同期月營收          月營收成長率
1,676,452               1,691,726               -0.90%
114年05月營收           去年同期月營收          月營收成長率
1,620,073               1,375,562               17.78%

MOM：8.13% YOY：31.86%

--------------------
散熱元老8月營收都出來了

奇鋐   MOM + 6.86%
富世達 MOM + 1.87%
雙鴻   MOM + 8.13%

散熱沒有輸
明天嘎死空蛙",2026-09-05
3324,[情報] 3324 雙鴻 114年4月營收,"標題：3324 雙鴻 114年4月營收

來源：公開資訊觀測站

(公司名、網站名)

網址：
https://mops.twse.com.tw/mops/#/web/home

(請善用縮網址工具)

內文：
項目       營業收入淨額
本月：     2,017,328
去年同期： 1,215,790
增減金額： 801,538
增減百分比：       
65.93

本年累計：      6,431,439
去年累計： 4,365,174
增減金額： 2,066,265
增減百分比：       
47.34

備註/營收變化原因說明： 
主要動能來自於水冷滲透率持續提升，以及新世代顯示卡需求也

較去年同期增加所致。

散熱能重返巔峰嗎",2026-05-06
3324,Re: [標的] 3324 雙鴻 Be water 李小龍多,"※ 引述《Redbeansauce (今日起醫聲)》之銘言：

: ※ 引述《Redbeansauce (今日起醫聲)》之銘言：

: : 感恩我上一篇板上高手真的很多

: : 大家都願意分享

: : 小弟廣納諫言

: : 先出一些些

: : 出的理由是奇鋐今天在平盤附近

: : 
https://i.mopix.cc/673Se4.jpg

: 今早全出感恩市場

: 祝大家馬年行大運

: 出的原因是

: 1. 要過年了

: 2. 奇鋐早盤弱

: 3.我想收回資金去買另一隻股票了

: 可能會再上去吧

: 
https://i.mopix.cc/83WA6P.jpg

: 帶進帶出有單給推

: 讚

今天重新進場
進場理由跟過年前一模一樣

奇鋐已經快要摸前高
雙鴻距離前高還有明顯距離
至少會摸1200元

這次單就不重新貼了比上次多
今天大舉買股大家衝
出場再貼單

出場條件
跟我最一開始的發文一樣
就是要看國外大盤
國內盤勢
以及散熱族群

大家加油馬上暴富",2026-03-11
3324,[情報] 3324 雙鴻115年1月營收,"標題：3324雙鴻115年1月營收

來源：
公開資訊觀測站

網址：
 
https://mopsov.twse.com.tw/mops/web/t05st10_ifrs

內文：

本資料由　(上櫃公司)雙鴻　公司提供
民國115年01月   單位：新台幣仟元

項目    營業收入淨額
本月      3,041,929
去年同期          1,372,849
增減金額          1,669,080
增減百分比        121.58
本年累計          3,041,929
去年累計          1,372,849
增減金額          1,669,080
增減百分比        121.58
備註 / 營收變化原因說明
成長動能來自AI 伺服器液冷散熱系統市佔率持續攀升

MOM：7.81%
YOY：121.58%
-----
Sent from JPTT on my iPhone",2026-02-10
3324,Re: [標的] 3324 雙鴻 Be water 李小龍多,"※ 引述《Redbeansauce (今日起醫聲)》之銘言：

: ※ 引述《Redbeansauce (今日起醫聲)》之銘言：

: : 標的：3324 雙鴻

: : 分類：多

: : 分析/正文：

: : 如題感覺GB300要放量了

: : 而且好像台積電有大突破

: : 這幾日大跌雙鴻都有點逆勢成長

: : 尤其是昨天從低檔拉了快10%有

: : GB300 標配水冷

: : 都老話題了，其實也懶得多講

: : 同產業相比

: : 奇鋐，已經率先創新高

: : 希望雙鴻也跟上

: : 籌碼面：高檔CB 最近即將完成

: : 進退場機制：

: : 等出場在貼單，但年前只壓小量

: : 出場條件：

: : 獲利最大值開始算回撤20%會視情況出一半

: 感恩我上一篇板上高手真的很多

: 大家都願意分享

: 小弟廣納諫言

: 先出一些些

: 出的理由是奇鋐今天在平盤附近

: 
https://i.mopix.cc/673Se4.jpg

今早全出感恩市場

祝大家馬年行大運

出的原因是

1. 要過年了
2. 奇鋐早盤弱
3.我想收回資金去買另一隻股票了

可能會再上去吧

https://i.mopix.cc/83WA6P.jpg

帶進帶出有單給推

讚",2026-02-10
3324,Re: [標的] 3324 雙鴻 Be water 李小龍多,"※ 引述《Redbeansauce (今日起醫聲)》之銘言：

: 標的：3324 雙鴻

: 分類：多

: 分析/正文：

: 如題感覺GB300要放量了

: 而且好像台積電有大突破

: 這幾日大跌雙鴻都有點逆勢成長

: 尤其是昨天從低檔拉了快10%有

: GB300 標配水冷

: 都老話題了，其實也懶得多講

: 同產業相比

: 奇鋐，已經率先創新高

: 希望雙鴻也跟上

: 籌碼面：高檔CB 最近即將完成

: 進退場機制：

: 等出場在貼單，但年前只壓小量

: 出場條件：

: 獲利最大值開始算回撤20%會視情況出一半

感恩我上一篇板上高手真的很多

大家都願意分享

小弟廣納諫言

先出一些些

出的理由是奇鋐今天在平盤附近

https://i.mopix.cc/673Se4.jpg",2026-02-09
3324,[標的] 3324 雙鴻 Be water 李小龍多,"標的：3324 雙鴻

分類：多

分析/正文：

如題感覺GB300要放量了

而且好像台積電有大突破

這幾日大跌雙鴻都有點逆勢成長

尤其是昨天從低檔拉了快10%有

GB300 標配水冷

都老話題了，其實也懶得多講

同產業相比

奇鋐，已經率先創新高

希望雙鴻也跟上

籌碼面：高檔CB 最近即將完成

進退場機制：

等出場在貼單，但年前只壓小量

出場條件：

獲利最大值開始算回撤20%會視情況出一半",2026-02-07
3324,[情報] 3324 雙鴻 114年12月營收,"標題：
3324 雙鴻 114年12月營收

來源：
公開觀測資訊站

網址：

https://mopsov.twse.com.tw/mops/web/t146sb05

內文：
本年迄今累計營收        去年同期累計營收        累計營收成長率
23,279,717              15,775,451              47.57%
114年12月營收           去年同期月營收          月營收成長率
2,821,521               1,359,779               107.50%
114年11月營收           去年同期月營收          月營收成長率
2,443,608               1,370,207               78.34%
114年10月營收           去年同期月營收          月營收成長率
2,329,545               1,395,643               66.92%
114年09月營收           去年同期月營收          月營收成長率
2,340,447               1,424,051               64.35%

MOM：15.47% YOY：107.5%

------------------
散熱最近很委屈啊
根本不會漲

創高又怎樣
明天一樣死魚",2026-01-06
